section,model,site_type,substructure,SMARTS_or_criterion,intervention
Exclusion,"MolGpKa; Uni-pKa",Acid,"O-C=N-phosphate motif","OC=NP(=O)(O)O","Exclude the neutral O in the match that is directly bonded to C from acid/deprotonation sites."
Exclusion,"MolGpKa; Uni-pKa",Acid,"O-nitro/nitroso-like motif","[O]-[N+]([O-])","Exclude any neutral O participating in the match from acid/deprotonation sites."
Exclusion,"MolGpKa; Uni-pKa",Acid,"Nitroso carbonyl motif","O=N-C=O","Exclude any neutral O participating in the match from acid/deprotonation sites."
Exclusion,"MolGpKa; Uni-pKa",Acid,"C=C bearing N=O and O","C=C(N=O)O","Exclude any neutral O participating in the match from acid/deprotonation sites."
Exclusion,"MolGpKa; Uni-pKa",Base,"N attached to a carbonyl carbon","[#7]~[#6X3](=[#8])","Exclude neutral N in the match from base/protonation sites."
Exclusion,"MolGpKa; Uni-pKa",Base,"Three consecutive aromatic nitrogens","nnn","Exclude neutral aromatic N in the match from base/protonation sites."
Exclusion,"MolGpKa; Uni-pKa",Base,"Aromatic N-C-N-N motif","ncnn","Exclude a neutral aromatic N in the match only when that N has no directly attached N neighbour."
Exclusion,"MolGpKa; Uni-pKa",Base,"Aromatic N bearing H","Aromatic N with GetTotalNumHs() > 0","Exclude that N from base/protonation sites."
Exclusion,"MolGpKa; Uni-pKa",Base,"Three-connected aromatic N","Aromatic N with degree 3","Exclude that N from base/protonation sites."
Exclusion,"MolGpKa; Uni-pKa",Base,"Sulfonamide-like N","NS(=O)(=O)","Exclude neutral non-aromatic N in the match from base/protonation sites."
Exclusion,"MolGpKa; Uni-pKa",Base,"N-aromatic C-aromatic N-aromatic N motif","Nc(n)n","Exclude neutral non-aromatic N in the match from base/protonation sites."
Exclusion,"MolGpKa; Uni-pKa",Base,"N-aromatic C-aromatic C-aromatic N motif","Nc(c)n","Exclude neutral non-aromatic N in the match from base/protonation sites."
Exclusion,"MolGpKa; Uni-pKa",Base,"N-C-C-N motif","Nccn","Exclude neutral non-aromatic N in the match from base/protonation sites."
Exclusion,"MolGpKa; Uni-pKa",Base,"Oxime/nitroso-type motif","C=NO","Exclude neutral non-aromatic N in the match from base/protonation sites."
Exclusion,"MolGpKa; Uni-pKa",Base,"N-N=C motif","N-N=C","Exclude neutral non-aromatic N in the match from base/protonation sites."
Exclusion,"MolGpKa; Uni-pKa",Base,"Imine/amidine-like motif","NC(=N)","Exclude the neutral N in the match that has no double bond of its own (the singly bonded N-C(=N) nitrogen)."
Modify existing pKa,MolGpKa,Acid,"N in an N-C-S environment","[n,nH,n+]~[c,C]~[S,s]","Add 1.0 to the acid pKa, subject to the additional implementation condition documented in the notes."
Modify existing pKa,MolGpKa,Acid,"Ring hydroxyl separated from O- by three ring carbons","[O;H1]-[C;R]~[C;R]~[C;R]([O-])","Add 3.0 to the hydroxyl O acid pKa for each match."
Modify existing pKa,MolGpKa,Acid,"Ring hydroxyl separated from O- by two ring carbons","[O;H1]-[C;R]~[C;R]([O-])","Add 3.0 to the hydroxyl O acid pKa for each match."
Modify existing pKa,MolGpKa,Acid,"Ring hydroxyl adjacent to a ring carbon bearing O-","[O;H1]-[C;R]([O-])","Add 3.0 to the hydroxyl O acid pKa for each match."
Modify existing pKa,MolGpKa,Acid,"Phenolic OH and sulfonic acid/sulfonate on the same fused aromatic ring system","Phenol: [c][OX2H]; sulfonate: [c]S(=O)(=O)[OX1H0-,OX2H1]","Add 4.0 to the phenolic O acid pKa."
Modify existing pKa,MolGpKa,Acid,"Carboxylic acid separated from carboxylate by one carbon","[C](=O)([OH])~[#6]~[C](=O)([O-])","Add 1.0 to the acidic O pKa for each match."
Modify existing pKa,MolGpKa,Acid,"Carboxylic acid separated from carboxylate by two carbons","[C](=O)([OH])~[#6][#6]~[C](=O)([O-])","Add 1.0 to the acidic O pKa for each match."
Modify existing pKa,MolGpKa,Acid,"Carboxylic acid connected to carboxylate through C=C","[C](=O)([OH])~[#6]=[#6]~[C](=O)([O-])","Add 1.0 to the acidic O pKa for each match."
Modify existing pKa,MolGpKa,Base,"Predicted base N close to positively charged N atoms","Graph distance <= 5 bonds","Subtract 2.5 * max(0, ncat - nneg - 1) from the predicted base pKa."
Modify existing pKa,MolGpKa,Base,"Six-membered aromatic N-C-[nH]-C(=O) motif","[n;r6][c;r6][nH;r6][c;r6](=O)","Subtract 2.0 from the predicted pKa of each matched N."
Fix or add pKa,MolGpKa,Acid,"Phosphate hydroxyl: first proton loss","P(=O)(O)(O); no other protonable phosphate O is O-","Fix or add the acid pKa at 2.0."
Fix or add pKa,MolGpKa,Acid,"Phosphate hydroxyl: subsequent proton loss","P(=O)(O)(O); another protonable O in the same phosphate is O-","Fix or add the acid pKa at 6.5."
Fix or add pKa,MolGpKa,Base,"Non-aromatic N in a nitro-substituted aniline-like environment","Ncccc([N+](=O)[O-])","Fix or add the base pKa at 2.0."
Fix or add pKa,MolGpKa,Base,"Non-aromatic diphenylamine-like N","N(c)c","Fix or add the base pKa at 1.8."
Fix or add pKa,MolGpKa,Base,"Amine bearing only short C/H substituents","Procedural test; examples include methyl-, ethyl-, and isopropyl-substituted amines","Fix or add the base pKa at 10.4."
Modify free energy,Uni-pKa,Whole molecule,"Ring system containing at least two positively charged nitrogen atoms","Procedural ring-system detection; rings sharing atoms are merged","Add 5.0 to the predicted standard free energy in the model output's energy units."
